{
  "oldParams": true,
  "wave_type": 1,
  "p_env_attack": 0,
  "p_env_sustain": 0.18543402159189318,
  "p_env_punch": 0.25243663643015196,
  "p_env_decay": 0.3536987881229523,
  "p_base_freq": 0.8155760983508111,
  "p_freq_limit": 0.21828080428290902,
  "p_freq_ramp": -0.3212233978536271,
  "p_freq_dramp": 0,
  "p_vib_strength": 0,
  "p_vib_speed": 0,
  "p_arp_mod": 0,
  "p_arp_speed": 0,
  "p_duty": 0.5290941677864451,
  "p_duty_ramp": -0.509984708374236,
  "p_repeat_speed": 0,
  "p_pha_offset": 0,
  "p_pha_ramp": 0,
  "p_lpf_freq": 1,
  "p_lpf_ramp": 0,
  "p_lpf_resonance": 0,
  "p_hpf_freq": 0.010578007819928159,
  "p_hpf_ramp": 0,
  "sound_vol": 0.25,
  "sample_rate": 44100,
  "sample_size": 8
}